Kurum Adı,İlçe,Kurum Türü,Adres,Telefon 1,Web Sitesi
ÖZEL BÜYÜKADA RUM İLKOKULU,ADALAR,Özel Rum İlkokulu,MADEN MAH. ÇINAR MEYDANI SK.  NO: 15  İÇ KAPI NO: 1 ADALAR / İSTANBUL,(216) 382 64 82,
ÖZEL HEYBELİADA RUM ERKEK LİSESİ,ADALAR,Özel Rum Ortaöğretim Kurumu,HEYBELİADA MAH. ÜMİT TEPESİ SK. RUHBAN OKULU BLOK  NO: 5  İÇ KAPI NO: 1 ADALAR / İSTANBUL,(216) 351 84 17,
ARNAVUTKÖY BEŞ YILDIZ ÖZEL ÖĞRETİM KURSU,ARNAVUTKÖY,Özel Öğretim Kursu,ANADOLU MAH. CİNAN SK. NO: 12A İÇ KAPI NO: 5 ARNAVUTKÖY / İSTANBUL (DİĞER İÇ KAPILAR: 6),(552) 178 53 55,
ARNAVUTKÖY OĞUZ FEN BİLİMLERİ ÖZEL ÖĞRETİM KURSU,ARNAVUTKÖY,Özel Öğretim Kursu,İSLAMBEY MAH. FATİH CAD. - SİTESİ NO: 48 İÇ KAPI NO: 2 ARNAVUTKÖY / İSTANBUL,(212) 597 30 03,
HADIMKÖY FİNAL ÖZEL ÖĞRETİM KURSU,ARNAVUTKÖY,Özel Öğretim Kursu,HASTANE  MAH. AYASOFYA CAD. - SİTESİ NO: 19-23 İÇ KAPI NO: 27 ARNAVUTKÖY / İSTANBUL (DİĞER İÇ KAPILAR: 28-29-30-31-32-33-34-35-36-37-38),(533) 170 02 09,
KÜLTÜR ÖZEL ÖĞRETİM KURSU,ARNAVUTKÖY,Özel Öğretim Kursu,ARNAVUTKÖY MERKEZ MAH. NİŞAN SK. NO: 15 İÇ KAPI NO: 1 ARNAVUTKÖY / İSTANBUL (DİĞER İÇ KAPILAR: 2-3-4-5-6-7),(212) 597 59 94,
ÖZEL ABDULLAH KARA ORTAÖĞRETİM ERKEK ÖĞRENCİ YURDU,ARNAVUTKÖY,Özel Yurt,TAŞOLUK MAH. İSTANBUL SOK. NO: 53 /1 ARNAVUTKÖY/İSTANBUL,(212) 682 07 07,
ÖZEL AKGÜNEŞ ÖZEL EĞİTİM VE REHABİLİTASYON MERKEZİ,ARNAVUTKÖY,Özel Eğitim ve  Rehabilitasyon Merkezi,ARNAVUTKÖY MERKEZ MAH. DÜLDÜL SK. NO: 13A ARNAVUTKÖY / İSTANBUL,(212) 597 91 36,
ÖZEL AKSA İLKOKULU,ARNAVUTKÖY,Özel Türk İlkokulu,MEHMET AKİF ERSOY MAH. CANGÜL SK. ÖZEL AKSA OKULLARI NO: 5 İÇ KAPI NO: 1 ARNAVUTKÖY / İSTANBUL,(212) 597 25 72,
ÖZEL AKSA ORTAOKULU,ARNAVUTKÖY,Özel Türk Ortaokulu,MEHMET AKİF ERSOY MAH. CANGÜL SK. ÖZEL AKSA OKULLARI NO: 5 İÇ KAPI NO: 1 ARNAVUTKÖY / İSTANBUL,(212) 597 25 72,
ÖZEL ALTIN DAMLASI ANAOKULU,ARNAVUTKÖY,Özel Türk Okul Öncesi Kurumu,KARLIBAYIR MAH. TAHSİN SK. - SİTESİ - BLOK  NO: 6  İÇ KAPI NO: 1 ARNAVUTKÖY / İSTANBUL,(212) 683 10 08,www.altindamlasianaokulu.k12.tr/
ÖZEL ARNAVUTKÖY  ORTAOKUL ERKEK ÖĞRENCİ  YURDU,ARNAVUTKÖY,Özel Yurt,ARNAVUTKÖY MERKEZ MAH. ADAŞ SOK. NO: 4 / ARNAVUTKÖY/İSTANBUL,(212) 597 02 38,www.arnyurt.com
ÖZEL ARNAVUTKÖY AKADEMİ KİŞİSEL GELİŞİM KURSU,ARNAVUTKÖY,Özel Muhtelif Kurslar,ARNAVUTKÖY MERKEZ MAH. ESKİ EDİRNE ASFALTI CAD. - SİTESİ - BLOK  NO: 1211  İÇ KAPI NO: 6 ARNAVUTKÖY / İSTANBUL,(546) 465 61 29,
ÖZEL ARNAVUTKÖY AMERİKANCA KÜLTÜR YABANCI DİL VE KİŞİSEL GELİŞİM KURSU,ARNAVUTKÖY,Özel Muhtelif Kurslar,ANADOLU MAH. HOCA AHMET YESEVİ CAD. NO: 12 İÇ KAPI NO: 2 ARNAVUTKÖY / İSTANBUL (DİĞER İÇ KAPILAR: 3-4),(212) 567 70 90,
ÖZEL ARNAVUTKÖY BİREY KİŞİSEL GELİŞİM KURSU,ARNAVUTKÖY,Özel Muhtelif Kurslar,ANADOLU MAH. ESKİ EDİRNE ASFALTI CAD.  NO: 1306  İÇ KAPI NO: 2 ARNAVUTKÖY / İSTANBUL (DİĞER İÇ KAPILAR: 3-4-5),(212) 597 40 97,
ÖZEL ARNAVUTKÖY CANEVİM ÖZEL EĞİTİM VE REHABİLİTASYON MERKEZİ,ARNAVUTKÖY,Özel Eğitim ve  Rehabilitasyon Merkezi,KARLIBAYIR MAH. HOŞ SK. - SİTESİ - NO: 9 İÇ KAPI NO: 1 ARNAVUTKÖY / İSTANBUL (DİĞER İÇ KAPILAR: 2-3-4),(542) 134 75 26,
ÖZEL ARNAVUTKÖY CEBECİ ÖZEL EĞİTİM VE REHABİLİTASYON MERKEZİ,ARNAVUTKÖY,Özel Eğitim ve  Rehabilitasyon Merkezi,MUSTAFA KEMAL PAŞA MAH. FATİH CAD. NO: 69A ARNAVUTKÖY / İSTANBUL,(549) 572 34 25,
ÖZEL ARNAVUTKÖY ÇAREM ÖZEL EĞİTİM VE REHABİLİTASYON MERKEZİ,ARNAVUTKÖY,Özel Eğitim ve  Rehabilitasyon Merkezi,İSLAMBEY MAH. HÜKÜMET SK.  NO: 10 A-  İÇ KAPI NO: 1- ARNAVUTKÖY / İSTANBUL,(212) 597 77 27,caremrehabilitasyon.com.tr
ÖZEL ARNAVUTKÖY ÇÖZÜM KİŞİSEL GELİŞİM KURSU,ARNAVUTKÖY,Özel Muhtelif Kurslar,ARNAVUTKÖY MERKEZ MAH. ADAŞ SK.  NO: 7  İÇ KAPI NO: 1 ARNAVUTKÖY / İSTANBUL (DİĞER İÇ KAPILAR: 2-3-4-5-6),(212) 597 10 15,
ÖZEL ARNAVUTKÖY DÜŞ BAHÇESİ ANAOKULU,ARNAVUTKÖY,Özel Türk Okul Öncesi Kurumu,MAREŞAL FEVZİ ÇAKMAK MAH. TEPELİK SK. DÜŞ BAHÇESI ANAOKULU NO: 11 İÇ KAPI NO: 1 ARNAVUTKÖY / İSTANBUL,(544) 684 30 05,
ÖZEL ARNAVUTKÖY FEN BİLİMLERİ ANADOLU LİSESİ,ARNAVUTKÖY,Özel Anadolu Lisesi,ANADOLU MAH. YILDIRIM BEYAZIT CAD. ANADOLU LISESI ORTA OKUL BLOK  NO: 90/3 ARNAVUTKÖY / İSTANBUL,(212) 597 67 77,www.arnavutkoyfenbilimleri.k12.tr
ÖZEL ARNAVUTKÖY FEN BİLİMLERİ ORTAOKULU,ARNAVUTKÖY,Özel Türk Ortaokulu,ANADOLU MAH. YILDIRIM BEYAZIT CAD. ANADOLU LISESI ORTA OKUL NO: 90/3 ARNAVUTKÖY / İSTANBUL,(531) 891 13 13,www.arnavutkoyfenbilimleri.k12.tr
ÖZEL ARNAVUTKÖY KUDÜS MİLLETLERARASI İLKOKULU,ARNAVUTKÖY,Özel Milletlerarası Okul,MUSTAFA KEMAL PAŞA MAH. ÇAĞLAGÜL SK.  NO: 2  İÇ KAPI NO: 1 ARNAVUTKÖY / İSTANBUL,(552) 548 48 30,
ÖZEL ARNAVUTKÖY KUDÜS MİLLETLERARASI LİSESİ,ARNAVUTKÖY,Özel Milletlerarası Okul,MUSTAFA KEMAL PAŞA MAH. ÇAĞLAGÜL SK. İMAMHATİP ORTAOKULU BLOK  NO: 2  İÇ KAPI NO: 1 ARNAVUTKÖY / İSTANBUL,(552) 548 48 30,
ÖZEL ARNAVUTKÖY KUDÜS MİLLETLERARASI ORTAOKULU,ARNAVUTKÖY,Özel Milletlerarası Okul,MUSTAFA KEMAL PAŞA MAH. ÇAĞLAGÜL SK. İMAMHATİP ORTAOKULU BLOK  NO: 2  İÇ KAPI NO: 1 ARNAVUTKÖY / İSTANBUL,(552) 548 48 30,
ÖZEL ARNAVUTKÖY LALE BAHÇESİ ANAOKULU,ARNAVUTKÖY,Özel Türk Okul Öncesi Kurumu,MAREŞAL FEVZİ ÇAKMAK MAH. VEZİRHAN SK.  NO: 10  İÇ KAPI NO: 1 ARNAVUTKÖY / İSTANBUL,(506) 564 18 33,
ÖZEL ARNAVUTKÖY MAVİ UMUT İLKOKULU,ARNAVUTKÖY,Özel Türk İlkokulu,ANADOLU MAH. AY SK. NO: 7 İÇ KAPI NO: 1 ARNAVUTKÖY / İSTANBUL,(531) 089 94 94,
ÖZEL ARNAVUTKÖY MAVİ UMUT ORTAOKULU,ARNAVUTKÖY,Özel Türk Ortaokulu,ANADOLU MAH. AY SK. NO: 7 İÇ KAPI NO: 1 ARNAVUTKÖY / İSTANBUL,(531) 089 94 94,
ÖZEL ARNAVUTKÖY MAVİGÜN ANAOKULU,ARNAVUTKÖY,Özel Türk Okul Öncesi Kurumu,MUSTAFA KEMAL PAŞA MAH. BEŞARET SK.  NO: 2-4 ARNAVUTKÖY / İSTANBUL,(212) 681 00 00,www.mavigunkoleji.k12.tr
ÖZEL ARNAVUTKÖY MAVİGÜN İLKOKULU,ARNAVUTKÖY,Özel Türk İlkokulu,MUSTAFA KEMAL PAŞA MAH. BEŞARET SK.  NO: 2-4 ARNAVUTKÖY / İSTANBUL,(212) 681 00 00,www.mavigunkoleji.k12.tr
ÖZEL ARNAVUTKÖY MAVİGÜN ORTAOKULU,ARNAVUTKÖY,Özel Türk Ortaokulu,MUSTAFA KEMAL PAŞA MAH. BEŞARET SK.  NO: 2-4 ARNAVUTKÖY / İSTANBUL,(212) 681 00 00,www.mavigunkoleji.k12.tr
ÖZEL ARNAVUTKÖY MOTORLU TAŞIT SÜRÜCÜLERİ KURSU,ARNAVUTKÖY,Özel Motorlu Taşıt Sürücüleri Kursu,ANADOLU MAH. MUZAFFER SK.  NO: 2A ARNAVUTKÖY / İSTANBUL,(212) 597 68 44,www.arnavutkoymtsk.com
ÖZEL ARNAVUTKÖY ORTAOKUL KIZ ÖĞRENCİ YURDU,ARNAVUTKÖY,Özel Yurt,ARNAVUTKÖY MERKEZ MAH. NAMAZGAH SOK. NO: 1 /YOK ARNAVUTKÖY/İSTANBUL,(212) 579 30 82,
ÖZEL ARNAVUTKÖY PUSULA ÖZEL EĞİTİM ANAOKULU,ARNAVUTKÖY,Özel Özel Eğitim Anaokulu,MAREŞAL FEVZİ ÇAKMAK MAH. KOZA SK. NO: 19 İÇ KAPI NO: 1 ARNAVUTKÖY / İSTANBUL,(505) 378 90 77,
ÖZEL ARNAVUTKÖY RÜYAM ÖZEL EĞİTİM VE REHABİLİTASYON MERKEZİ,ARNAVUTKÖY,Özel Eğitim ve  Rehabilitasyon Merkezi,MAREŞAL FEVZİ ÇAKMAK MAH. TÜRBE SK. REHABILITASYON MERKEZI NO: 6 İÇ KAPI NO: 1 ARNAVUTKÖY / İSTANBUL,(551) 238 73 75,www.ruyamozelegitim.com
ÖZEL ARNAVUTKÖY SINAV ÖZEL ÖĞRETİM KURSU,ARNAVUTKÖY,Özel Öğretim Kursu,ARNAVUTKÖY MERKEZ MAH. NİŞAN SK. GUVEN ALIS VERI NO: 11B ARNAVUTKÖY / İSTANBUL,(532) 742 78 94,
ÖZEL ARNAVUTKÖY ULAŞTIRMA HİZMETLERİ MESLEKİ EĞİTİM VE GELİŞTİRME KURSU,ARNAVUTKÖY,Özel Muhtelif Kurslar,HİCRET MAH. BERKSOY SK.  NO: 6  İÇ KAPI NO: 1 ARNAVUTKÖY / İSTANBUL (DİĞER İÇ KAPILAR: 2),(212) 685 16 66,www.srcarnavutkoy.com
ÖZEL ARNAVUTKÖY UZMAN EĞİTİMCİLER ÖZEL EĞİTİM VE REHABİLİTASYON MERKEZİ,ARNAVUTKÖY,Özel Eğitim ve  Rehabilitasyon Merkezi,MAREŞAL FEVZİ ÇAKMAK MAH. VAHDET SK. GELIŞIM KOLEJI NO: 6 ARNAVUTKÖY / İSTANBUL,(544) 534 73 34,
ÖZEL ARNAVUTKÖY ZİRVE MOTORLU TAŞIT SÜRÜCÜLERİ KURSU,ARNAVUTKÖY,Özel Motorlu Taşıt Sürücüleri Kursu,ARNAVUTKÖY MERKEZ MAH. FATİH CAD.  NO: 15  İÇ KAPI NO: 3 ARNAVUTKÖY / İSTANBUL,(212) 597 44 55,
ÖZEL ARYA AKADEMİ ÖZEL EĞİTİM VE REHABİLİTASYON MERKEZİ,ARNAVUTKÖY,Özel Eğitim ve  Rehabilitasyon Merkezi,MAREŞAL FEVZİ ÇAKMAK MAH. KOZA SK. NO: 48 ARNAVUTKÖY / İSTANBUL,(539) 823 13 86,
ÖZEL BAMBU  ANAOKULU,ARNAVUTKÖY,Özel Türk Okul Öncesi Kurumu,HADIMKÖY MAH. KERVANSARAY SK. NO: 14 İÇ KAPI NO: 1 ARNAVUTKÖY / İSTANBUL,(530) 442 26 28,
ÖZEL BOĞAZKÖY ORTAÖĞRETİM ERKEK ÖĞRENCİ YURDU,ARNAVUTKÖY,Özel Yurt,BOĞAZKÖY İSTİKLAL MAH. DEVLET SOK. NO: 77 /1 ARNAVUTKÖY/İSTANBUL,(212) 684 27 51,
ÖZEL BOLLUCA ÖZEL EĞİTİM VE REHABİLİTASYON MERKEZİ,ARNAVUTKÖY,Özel Eğitim ve  Rehabilitasyon Merkezi,HİCRET MAH. YILDIRIM BEYAZIT CAD.  NO: 209  İÇ KAPI NO: 1 ARNAVUTKÖY / İSTANBUL,(531) 703 10 13,
ÖZEL BOLLUCA UĞUR ANADOLU LİSESİ,ARNAVUTKÖY,Özel Anadolu Lisesi,İSLAMBEY MAH. KIBRIS CAD.  NO: 301 ARNAVUTKÖY / İSTANBUL,(533) 262 33 04,
ÖZEL BOLLUCA UĞUR İLKOKULU,ARNAVUTKÖY,Özel Türk İlkokulu,İSLAMBEY MAH. KIBRIS CAD.  NO: 301 ARNAVUTKÖY / İSTANBUL,(533) 262 33 04,
ÖZEL BOLLUCA UĞUR ORTAOKULU,ARNAVUTKÖY,Özel Türk Ortaokulu,İSLAMBEY MAH. KIBRIS CAD.  NO: 301 ARNAVUTKÖY / İSTANBUL,(533) 262 33 04,
ÖZEL BOLLUCA  ÖZEL EĞİTİM VE REHABİLİTASYON MERKEZİ,ARNAVUTKÖY,Özel Eğitim ve  Rehabilitasyon Merkezi,ATATÜRK MAH. AKKOR SK. NO: 9 İÇ KAPI NO: 1 ARNAVUTKÖY / İSTANBUL (DİĞER İÇ KAPILAR: 2-3-4-5),(505) 557 15 03,
ÖZEL DETAY ÖZEL EĞİTİM VE REHABİLİTASYON MERKEZİ,ARNAVUTKÖY,Özel Eğitim ve  Rehabilitasyon Merkezi,ARNAVUTKÖY MERKEZ MAH. SEFER SK.  NO: 13-15  İÇ KAPI NO: 3- ARNAVUTKÖY / İSTANBUL,(212) 597 21 02,
ÖZEL DURUSU ORTAÖĞRETİM KIZ ÖĞRENCİ YURDU,ARNAVUTKÖY,Özel Yurt,"TERKOS MAH. ZEYNEL ÇAYLAN SOK. NO: 37 /1,2 ARNAVUTKÖY/İSTANBUL",,yok
ÖZEL FENERTEPE GÜLİSTAN ANAOKULU,ARNAVUTKÖY,Özel Türk Okul Öncesi Kurumu,BOĞAZKÖY İSTİKLAL MAH. TURUNÇ SK.  NO: 15  İÇ KAPI NO: 1 ARNAVUTKÖY / İSTANBUL,(537) 933 88 57,
ÖZEL GÜLDÜ KARDEŞLER MOTORLU TAŞIT SÜRÜCÜLERİ KURSU,ARNAVUTKÖY,Özel Motorlu Taşıt Sürücüleri Kursu,ANADOLU MAH. NECİP FAZIL CAD.  NO: 31  İÇ KAPI NO: 3 ARNAVUTKÖY / İSTANBUL,(212) 597 20 60,
ÖZEL GÜLİSTAN  ANAOKULU,ARNAVUTKÖY,Özel Türk Okul Öncesi Kurumu,İSLAMBEY MAH. MECİDİYE SK. - SİTESİ - NO: 13A ARNAVUTKÖY / İSTANBUL,(212) 597 40 30,
ÖZEL GÜLŞEKER ÖZEL EĞİTİM VE REHABİLİTASYON MERKEZİ,ARNAVUTKÖY,Özel Eğitim ve  Rehabilitasyon Merkezi,ANADOLU MAH. GAZİOSMANPAŞA CAD. NO: 44 İÇ KAPI NO: 1 ARNAVUTKÖY / İSTANBUL,(545) 571 86 32,
ÖZEL HADIMKÖY ARTI YABANCI DİL KURSU,ARNAVUTKÖY,Özel Muhtelif Kurslar,HADIMKÖY MAH. CAHİT SITKI TARANCI CAD. VEFA KONUTLARI SİTESİ B BLOK NO: 90B İÇ KAPI NO: 1 ARNAVUTKÖY / İSTANBUL,(539) 616 50 50,
ÖZEL HADIMKÖY BEDİA SULTAN ORTAÖĞRETİM KIZ ÖĞRENCİ YURDU,ARNAVUTKÖY,Özel Yurt,HADIMKÖY MAH. AŞKINAY SOK. NO: 13 -15/1 ARNAVUTKÖY/İSTANBUL,(539) 497 34 72,
ÖZEL HADIMKÖY BİREBİR SOSYAL ETKİNLİK VE GELİŞİM MERKEZİ,ARNAVUTKÖY,Sosyal Etkinlik ve Gelişim Merkezi,HASTANE  MAH. BALKANLAR SK. - SİTESİ - NO: 15 İÇ KAPI NO: 2 ARNAVUTKÖY / İSTANBUL (DİĞER İÇ KAPILAR: 3),(212) 771 43 00,
ÖZEL HADIMKÖY DÜŞ BAHÇESİ ANAOKULU,ARNAVUTKÖY,Özel Türk Okul Öncesi Kurumu,HADIMKÖY MAH. CAHİT SITKI TARANCI CAD. C-BLOK  NO: 90C  İÇ KAPI NO: 1 ARNAVUTKÖY / İSTANBUL,(546) 597 05 35,
ÖZEL HADIMKÖY FİNAL ANADOLU LİSESİ,ARNAVUTKÖY,Özel Anadolu Lisesi,YASSIÖREN MAH. BELDE SK. - SİTESİ - NO: 15 İÇ KAPI NO: 1 ARNAVUTKÖY / İSTANBUL,(545) 688 01 10,www.hadimkoyfinalokullari.com
ÖZEL HADIMKÖY FİNAL İLKOKULU,ARNAVUTKÖY,Özel Türk İlkokulu,YASSIÖREN MAH. BELDE SK. - SİTESİ - NO: 15 İÇ KAPI NO: 1 ARNAVUTKÖY / İSTANBUL,(531) 888 64 65,
ÖZEL HADIMKÖY FİNAL ORTAOKULU,ARNAVUTKÖY,Özel Türk Ortaokulu,YASSIÖREN MAH. BELDE SK. - SİTESİ - NO: 15 İÇ KAPI NO: 1 ARNAVUTKÖY / İSTANBUL,(531) 888 64 65,
ÖZEL HADIMKÖY ORTAOKUL ERKEK ÖĞRENCİ YURDU,ARNAVUTKÖY,Özel Yurt,HASTANE  MAH. AKÇAKAVAK SOK. NO: 14 / ARNAVUTKÖY/İSTANBUL,,yok
ÖZEL HADIMKÖY ÖZEL EĞİTİM VE REHABİLİTASYON MERKEZİ,ARNAVUTKÖY,Özel Eğitim ve  Rehabilitasyon Merkezi,HADIMKÖY MAH. ADNAN MENDERES CAD. NO: 92 İÇ KAPI NO: 1 ARNAVUTKÖY / İSTANBUL,(542) 606 19 26,
ÖZEL İLK LİDER İŞ MAKİNELERİ OPERATÖRLÜK KURSU,ARNAVUTKÖY,Özel Muhtelif Kurslar,ARNAVUTKÖY MERKEZ MAH. BERKAY SK. - BLOK  NO: 4  İÇ KAPI NO: 9 ARNAVUTKÖY / İSTANBUL (DİĞER İÇ KAPILAR: 10-11),(212) 597 44 66,LİDERİSMAKİNELERİKURSU.COM
ÖZEL İZ ÖZEL EĞİTİM VE REHABİLİTASYON MERKEZİ,ARNAVUTKÖY,Özel Eğitim ve  Rehabilitasyon Merkezi,NENEHATUN MAH. FATİH CAD. NO: 266 İÇ KAPI NO: 1 ARNAVUTKÖY / İSTANBUL (DİĞER İÇ KAPILAR: 2-3-4-5),(530) 147 63 80,
ÖZEL KORUNCUKKÖY BOLLUCA ORTAÖĞRETİM KIZ ÖĞRENCİ YURDU,ARNAVUTKÖY,Özel Yurt,"BOLLUCA MAH. KOCA YUSUF SOK. NO: 100 B/1,2 ARNAVUTKÖY/İSTANBUL",(212) 685 03 83,
ÖZEL KÜÇÜK YILDIZLAR ÖZEL EĞİTİM VE REHABİLİTASYON MERKEZİ,ARNAVUTKÖY,Özel Eğitim ve  Rehabilitasyon Merkezi,HADIMKÖY MAH. SELİN SK.  NO: 5  İÇ KAPI NO: 1 ARNAVUTKÖY / İSTANBUL,(212) 771 11 29,WWW.KUCUKYİLDİZLAR.COM
ÖZEL LALE ARNAVUTKÖY MOTORLU TAŞIT SÜRÜCÜLERİ KURSU,ARNAVUTKÖY,Özel Motorlu Taşıt Sürücüleri Kursu,ANADOLU MAH. NECİP FAZIL CAD. - SİTESİ - BLOK  NO: 17A  İÇ KAPI NO: 1 ARNAVUTKÖY / İSTANBUL,(545) 560 55 45,
ÖZEL LALE AVLU  MOTORLU TAŞIT SÜRÜCÜLERİ KURSU,ARNAVUTKÖY,Özel Motorlu Taşıt Sürücüleri Kursu,ARNAVUTKÖY MERKEZ MAH. ESKİ EDİRNE ASFALTI CAD. - SİTESİ  NO: 1291A ARNAVUTKÖY / İSTANBUL,(212) 597 15 97,
ÖZEL LİVA ÇOCUK ANAOKULU,ARNAVUTKÖY,Özel Türk Okul Öncesi Kurumu,HADIMKÖY MAH. OYA SK. AGA APT NO: 14 İÇ KAPI NO: 4 ARNAVUTKÖY / İSTANBUL (DİĞER İÇ KAPILAR: 5),(537) 504 23 22,
ÖZEL LOTUS ÇOCUK KÖYÜ ANAOKULU,ARNAVUTKÖY,Özel Türk Okul Öncesi Kurumu,BOYALIK MAH. DURSUNKÖY-BOYALIK CAD. NO: 180A1 İÇ KAPI NO: 1 ARNAVUTKÖY / İSTANBUL,(532) 637 86 84,
ÖZEL MAVİ İPEKYOL ÖZEL EĞİTİM VE REHABİLİTASYON MERKEZİ,ARNAVUTKÖY,Özel Eğitim ve  Rehabilitasyon Merkezi,ARNAVUTKÖY MERKEZ MAH. ERSEVEN SK. NO: 2B ARNAVUTKÖY / İSTANBUL,(212) 597 04 04,www.maviipekyol.com
ÖZEL NEZİR TARIK ÖZEL EĞİTİM VE REHABİLİTASYON MERKEZİ,ARNAVUTKÖY,Özel Eğitim ve  Rehabilitasyon Merkezi,YAVUZ SELİM MAH. NEVBAHAR SK. NO: 1 İÇ KAPI NO: 1 ARNAVUTKÖY / İSTANBUL,(532) 425 25 51,TKNZCAN72@GMAIL.COM
ÖZEL ÖNGÖRÜ AKADEMİ KİŞİSEL GELİŞİM KURSU,ARNAVUTKÖY,Özel Muhtelif Kurslar,ARNAVUTKÖY MERKEZ MAH. CİHANER SK. NO: 5-7B ARNAVUTKÖY / İSTANBUL,(530) 660 94 80,
ÖZEL ÖZ BALKANLAR MOTORLU TAŞIT SÜRÜCÜLERİ KURSU,ARNAVUTKÖY,Özel Motorlu Taşıt Sürücüleri Kursu,HADIMKÖY MAH. ENGİNSOY SK. ZHAMDİBEY APT. BLOK  NO: 5-7B ARNAVUTKÖY / İSTANBUL,(212) 771 10 71,www.ozbalkanlarsurucukursu.com
ÖZEL ÖZ EMRAH MOTORLU TAŞIT SÜRÜCÜLERİ KURSU,ARNAVUTKÖY,Özel Motorlu Taşıt Sürücüleri Kursu,HASTANE  MAH. AYASOFYA CAD.  NO: 13  İÇ KAPI NO: 25 ARNAVUTKÖY / İSTANBUL,(212) 771 34 39,www.emrahsurucukursu.com
ÖZEL ÖZ HEDEF MOTORLU TAŞIT SÜRÜCÜLERİ KURSU,ARNAVUTKÖY,Özel Motorlu Taşıt Sürücüleri Kursu,ARNAVUTKÖY MERKEZ MAH. ECDAD SK. - SİTESİ  NO: 2  İÇ KAPI NO: 7 ARNAVUTKÖY / İSTANBUL,(212) 597 48 48,
ÖZEL ÖZBAY MOTORLU TAŞIT SÜRÜCÜLERİ KURSU,ARNAVUTKÖY,Özel Motorlu Taşıt Sürücüleri Kursu,ARNAVUTKÖY MERKEZ MAH. ESKİ EDİRNE ASFALTI CAD.  NO: 1247  İÇ KAPI NO: 4 ARNAVUTKÖY / İSTANBUL,(212) 597 75 44,
ÖZEL SAHRA MOTORLU TAŞIT SÜRÜCÜLERİ KURSU,ARNAVUTKÖY,Özel Motorlu Taşıt Sürücüleri Kursu,ARNAVUTKÖY MERKEZ MAH. ESKİ EDİRNE ASFALTI CAD. - SİTESİ - BLOK  NO: 1374-1376  İÇ KAPI NO: 4 ARNAVUTKÖY / İSTANBUL,(212) 597 73 73,www.sahrasurucukursu.com
ÖZEL SELİN KİŞİSEL GELİŞİM KURSU,ARNAVUTKÖY,Özel Muhtelif Kurslar,ARNAVUTKÖY MERKEZ MAH. NİŞAN SK. GUVEN ALIS VERI NO: 11B İÇ KAPI NO: 1 ARNAVUTKÖY / İSTANBUL,(532) 742 78 94,
ÖZEL TAV MESLEKİ EĞİTİM KURSU,ARNAVUTKÖY,Özel Muhtelif Kurslar,MAVİGÖL MAH. SELVİLİK SK.  NO: 8A ARNAVUTKÖY / İSTANBUL,(212) 463 30 00,www.tavakademi.com
ÖZEL TEK MERKEZ MOTORLU TAŞIT SÜRÜCÜLERİ KURSU,ARNAVUTKÖY,Özel Motorlu Taşıt Sürücüleri Kursu,ARNAVUTKÖY MERKEZ MAH. NURSU SK.  NO: 2  İÇ KAPI NO: 2 ARNAVUTKÖY / İSTANBUL (DİĞER İÇ KAPILAR: 3),(212) 597 60 50,tekmerkezsurucukursu.com
ÖZEL TEK MERKEZ ULAŞTIRMA HİZMETLERİ MESLEKİ EĞİTİM VE GELİŞTİRME KURSU,ARNAVUTKÖY,Özel Muhtelif Kurslar,ARNAVUTKÖY MERKEZ MAH. NURSU SK.  NO: 2A ARNAVUTKÖY / İSTANBUL,(542) 597 05 97,tekmerkezsrc.com
ÖZEL ÜMİT GÜLDÜ MOTORLU TAŞIT SÜRÜCÜLERİ KURSU,ARNAVUTKÖY,Özel Motorlu Taşıt Sürücüleri Kursu,ARNAVUTKÖY MERKEZ MAH. ESKİ EDİRNE ASFALTI CAD. SINAN BLOK  NO: 1249  İÇ KAPI NO: 3 ARNAVUTKÖY / İSTANBUL,(212) 597 26 83,guldukardesler@gmail.com
ÖZEL ÜNSAL ANADOLU LİSESİ,ARNAVUTKÖY,Özel Anadolu Lisesi,MAREŞAL FEVZİ ÇAKMAK MAH. FATİH CAD. A NO: 333A ARNAVUTKÖY / İSTANBUL,(212) 681 03 81,
ÖZEL ÜNSAL İLKOKULU,ARNAVUTKÖY,Özel Türk İlkokulu,MAREŞAL FEVZİ ÇAKMAK MAH. FATİH CAD. A NO: 333A ARNAVUTKÖY / İSTANBUL,(212) 681 03 81,
ÖZEL ÜNSAL ORTAOKULU,ARNAVUTKÖY,Özel Türk Ortaokulu,MAREŞAL FEVZİ ÇAKMAK MAH. FATİH CAD. A NO: 333A ARNAVUTKÖY / İSTANBUL,(212) 681 03 81,
ÖZEL VEFA FİNAL ANAOKULU,ARNAVUTKÖY,Özel Türk Okul Öncesi Kurumu,HADIMKÖY MAH. ADNAN MENDERES CAD. NO: 39 İÇ KAPI NO: 3 ARNAVUTKÖY / İSTANBUL,(531) 888 64 65,
ÖZEL VİLLALAR  ANAOKULU,ARNAVUTKÖY,Özel Türk Okul Öncesi Kurumu,KARLIBAYIR MAH. TÜLAY SK.  NO: 3  İÇ KAPI NO: 1 ARNAVUTKÖY / İSTANBUL,(507) 993 20 33,
ÖZEL VİLLALAR ÖZEL EĞİTİM VE REHABİLİTASYON MERKEZİ,ARNAVUTKÖY,Özel Eğitim ve  Rehabilitasyon Merkezi,KARLIBAYIR MAH. TÜLAY SK.  NO: 1  İÇ KAPI NO: 1 ARNAVUTKÖY / İSTANBUL,(212) 683 10 08,0
ÖZEL YAKAMOZ ANAOKULU,ARNAVUTKÖY,Özel Türk Okul Öncesi Kurumu,HASTANE  MAH. AKDEMİR SK. - SİTESİ - BLOK  NO: 12A ARNAVUTKÖY / İSTANBUL,(212) 771 28 64,
ÖZEL YENİ GAYE MOTORLU TAŞIT SÜRÜCÜLERİ KURSU,ARNAVUTKÖY,Özel Motorlu Taşıt Sürücüleri Kursu,ARNAVUTKÖY MERKEZ MAH. BERKAY SK. - NO: 4 İÇ KAPI NO: 10 ARNAVUTKÖY / İSTANBUL,(212) 597 44 66,
ÖZEL YENİ KARİYERİM MESLEKİ VE TEKNİK ANADOLU LİSESİ,ARNAVUTKÖY,Özel Mesleki ve Teknik Anadolu Lisesi,ANADOLU MAH. YILDIRIM BEYAZIT CAD. NO: 106-108 İÇ KAPI NO: 1 ARNAVUTKÖY / İSTANBUL,(212) 681 01 10,www.kariyerimokullari.k12.tr
ÖZEL ZAMAN MOTORLU TAŞIT SÜRÜCÜLERİ KURSU,ARNAVUTKÖY,Özel Motorlu Taşıt Sürücüleri Kursu,MUSTAFA KEMAL PAŞA MAH. FATİH CAD.  NO: 241  İÇ KAPI NO: 2 ARNAVUTKÖY / İSTANBUL,(212) 597 95 96,
ÖZEL ZEYNEP HATUN ANAOKULU,ARNAVUTKÖY,Özel Türk Okul Öncesi Kurumu,ÖMERLİ MAH. TERME SK. NO: 6 İÇ KAPI NO: 2 ARNAVUTKÖY / İSTANBUL,(532) 515 61 75,
ARTI KIRKBEŞ ÖZEL ÖĞRETİM KURSU,ATAŞEHİR,Özel Öğretim Kursu,ATATÜRK MAH. GİRNE CAD. NO: 19 ATAŞEHİR / İSTANBUL,(532) 513 67 07,
ARTI REHBERLİK ÖZEL ÖĞRETİM KURSU,ATAŞEHİR,Özel Öğretim Kursu,ATATÜRK MAH. ŞENGÜN SK. NO: 5 İÇ KAPI NO: 1 ATAŞEHİR / İSTANBUL (DİĞER İÇ KAPILAR: 2-3),(532) 588 27 87,
AŞIK VEYSEL İSTANBUL ATABEY ÖZEL ÖĞRETİM KURSU,ATAŞEHİR,Özel Öğretim Kursu,MUSTAFA KEMAL MAH. 3001. CAD. ÇİFTÇİ İŞ MERKEZİ NO: 89 İÇ KAPI NO: 2 ATAŞEHİR / İSTANBUL (DİĞER İÇ KAPILAR: 3-4),(553) 842 30 28,
ATAŞEHİR ALESTA ÖZEL ÖĞRETİM KURSU,ATAŞEHİR,Özel Öğretim Kursu,BARBAROS MAH. TİMUR SK. NO: 5/1 İÇ KAPI NO: 3 ATAŞEHİR / İSTANBUL (DİĞER İÇ KAPILAR: 4),(216) 472 82 92,
ATAŞEHİR ELİT UĞURLU FEN BİLİMLERİ ÖZEL ÖĞRETİM KURSU,ATAŞEHİR,Özel Öğretim Kursu,BARBAROS MAH. BARBAROS CAD. NO: 224 İÇ KAPI NO: 3 ATAŞEHİR / İSTANBUL,(216) 291 21 21,
ATAŞEHİR FERHATPAŞA GENÇLİK MERKEZİ DESTEK EĞİTİM KURSU,ATAŞEHİR,İşbirliği Protokolü Kapsamında Açılan Kurslar,FERHATPAŞA MAH. 16. SK.  NO: 25  İÇ KAPI NO: 3 ATAŞEHİR / İSTANBUL,(216) 570 50 00,
